ds,trend,yhat_lower,yhat_upper,trend_lower,trend_upper,additive_terms,additive_terms_lower,additive_terms_upper,weekly,weekly_lower,weekly_upper,multiplicative_terms,multiplicative_terms_lower,multiplicative_terms_upper,yhat
2020-01-22,-9613.28757419415,-129281.99091802296,91391.80876822064,-9613.28757419415,-9613.28757419415,-11063.558307283729,-11063.558307283729,-11063.558307283729,-11063.558307283729,-11063.558307283729,-11063.558307283729,0.0,0.0,0.0,-20676.84588147788
2020-01-23,-6933.408775460781,-111464.82605453442,99671.60084847653,-6933.408775460781,-6933.408775460781,-1117.5438632529865,-1117.5438632529865,-1117.5438632529865,-1117.5438632529865,-1117.5438632529865,-1117.5438632529865,0.0,0.0,0.0,-8050.952638713768
2020-01-24,-4253.529976727412,-90472.81742857331,112352.66099123663,-4253.529976727412,-4253.529976727412,10080.978736662462,10080.978736662462,10080.978736662462,10080.978736662462,10080.978736662462,10080.978736662462,0.0,0.0,0.0,5827.4487599350505
2020-01-25,-1573.651177994042,-94688.8809322129,111204.83657045523,-1573.651177994042,-1573.651177994042,13750.32687136702,13750.32687136702,13750.32687136702,13750.32687136702,13750.32687136702,13750.32687136702,0.0,0.0,0.0,12176.675693372978
2020-01-26,1106.227620739326,-98564.80164171256,111903.12038632581,1106.227620739326,1106.227620739326,7298.791977867196,7298.791977867196,7298.791977867196,7298.791977867196,7298.791977867196,7298.791977867196,0.0,0.0,0.0,8405.019598606523
2020-01-27,3786.106419472695,-97636.39628191009,112655.75666182408,3786.106419472695,3786.106419472695,-2102.7554546352603,-2102.7554546352603,-2102.7554546352603,-2102.7554546352603,-2102.7554546352603,-2102.7554546352603,0.0,0.0,0.0,1683.3509648374347
2020-01-28,6465.985218206066,-113665.20823945712,89026.29309809698,6465.985218206066,6465.985218206066,-16846.239960714924,-16846.239960714924,-16846.239960714924,-16846.239960714924,-16846.239960714924,-16846.239960714924,0.0,0.0,0.0,-10380.254742508858
2020-01-29,9145.861273026458,-114736.96784994968,107497.51869236313,9145.861273026458,9145.861273026458,-11063.558307285912,-11063.558307285912,-11063.558307285912,-11063.558307285912,-11063.558307285912,-11063.558307285912,0.0,0.0,0.0,-1917.697034259454
2020-01-30,11825.737327846851,-98305.97071980186,120148.04230464548,11825.737327846851,11825.737327846851,-1117.5438632524324,-1117.5438632524324,-1117.5438632524324,-1117.5438632524324,-1117.5438632524324,-1117.5438632524324,0.0,0.0,0.0,10708.193464594418
2020-01-31,14505.613382667247,-85060.0987619891,126810.5084297602,14505.613382667247,14505.613382667247,10080.978736637344,10080.978736637344,10080.978736637344,10080.978736637344,10080.978736637344,10080.978736637344,0.0,0.0,0.0,24586.59211930459
2020-02-01,17185.489437487642,-81798.64932891073,134582.49685150108,17185.489437487642,17185.489437487642,13750.326871357047,13750.326871357047,13750.326871357047,13750.326871357047,13750.326871357047,13750.326871357047,0.0,0.0,0.0,30935.81630884469
2020-02-02,19865.36549230804,-83433.77785537089,135644.83969938543,19865.36549230804,19865.36549230804,7298.791977867791,7298.791977867791,7298.791977867791,7298.791977867791,7298.791977867791,7298.791977867791,0.0,0.0,0.0,27164.15747017583
2020-02-03,22545.241547128433,-81907.81610787686,129626.34758598045,22545.241547128433,22545.241547128433,-2102.7554545867083,-2102.7554545867083,-2102.7554545867083,-2102.7554545867083,-2102.7554545867083,-2102.7554545867083,0.0,0.0,0.0,20442.486092541723
2020-02-04,25225.11850204268,-95810.45778835722,109486.18674102539,25225.11850204268,25225.11850204268,-16846.239960720355,-16846.239960720355,-16846.239960720355,-16846.239960720355,-16846.239960720355,-16846.239960720355,0.0,0.0,0.0,8378.878541322323
2020-02-05,27904.995456956924,-83335.23396356154,124372.00439698789,27904.995456956924,27904.995456956924,-11063.55830727317,-11063.55830727317,-11063.55830727317,-11063.55830727317,-11063.55830727317,-11063.55830727317,0.0,0.0,0.0,16841.437149683756
2020-02-06,30584.87241187117,-78725.57962697277,138867.61883094537,30584.87241187117,30584.87241187117,-1117.5438632926807,-1117.5438632926807,-1117.5438632926807,-1117.5438632926807,-1117.5438632926807,-1117.5438632926807,0.0,0.0,0.0,29467.328548578487
2020-02-07,33264.74936678541,-61763.71849516577,151463.13681828397,33264.74936678541,33264.74936678541,10080.978736652623,10080.978736652623,10080.978736652623,10080.978736652623,10080.978736652623,10080.978736652623,0.0,0.0,0.0,43345.72810343803
2020-02-08,35944.62632169966,-53976.52739843757,159150.11180589627,35944.62632169966,35944.62632169966,13750.326871372326,13750.326871372326,13750.326871372326,13750.326871372326,13750.326871372326,13750.326871372326,0.0,0.0,0.0,49694.95319307198
2020-02-09,38624.5032766139,-57672.71332060317,145401.9468767299,38624.5032766139,38624.5032766139,7298.791977849764,7298.791977849764,7298.791977849764,7298.791977849764,7298.791977849764,7298.791977849764,0.0,0.0,0.0,45923.295254463665
2020-02-10,41304.37964207692,-68546.69543849642,146528.6269738316,41304.37964207692,41304.37964207692,-2102.755454596327,-2102.755454596327,-2102.755454596327,-2102.755454596327,-2102.755454596327,-2102.755454596327,0.0,0.0,0.0,39201.62418748059
2020-02-11,43984.25600753992,-74158.9554707954,125378.88595251497,43984.25600753992,43984.25600753992,-16846.239960701867,-16846.239960701867,-16846.239960701867,-16846.239960701867,-16846.239960701867,-16846.239960701867,0.0,0.0,0.0,27138.016046838056
2020-02-12,46664.13237300295,-66257.90300834477,136553.017106238,46664.13237300295,46664.13237300295,-11063.558307260426,-11063.558307260426,-11063.558307260426,-11063.558307260426,-11063.558307260426,-11063.558307260426,0.0,0.0,0.0,35600.57406574252
2020-02-13,49344.00873846596,-58410.8986560595,156359.91864526705,49344.00873846596,49344.00873846596,-1117.5438632921266,-1117.5438632921266,-1117.5438632921266,-1117.5438632921266,-1117.5438632921266,-1117.5438632921266,0.0,0.0,0.0,48226.46487517383
2020-02-14,52023.88510392897,-52645.157197516026,173795.91531068378,52023.88510392897,52023.88510392897,10080.978736654457,10080.978736654457,10080.978736654457,10080.978736654457,10080.978736654457,10080.978736654457,0.0,0.0,0.0,62104.86384058343
2020-02-15,54703.76146939198,-41006.916716577376,170247.9371134393,54703.76146939198,54703.76146939198,13750.326871362353,13750.326871362353,13750.326871362353,13750.326871362353,13750.326871362353,13750.326871362353,0.0,0.0,0.0,68454.08834075433
2020-02-16,57383.6374273633,-41685.01830310893,163706.5411721793,57383.6374273633,57383.6374273633,7298.791977850359,7298.791977850359,7298.791977850359,7298.791977850359,7298.791977850359,7298.791977850359,0.0,0.0,0.0,64682.429405213654
2020-02-17,60063.51338533462,-46761.81138584664,158511.64725530575,60063.51338533462,60063.51338533462,-2102.7554546059455,-2102.7554546059455,-2102.7554546059455,-2102.7554546059455,-2102.7554546059455,-2102.7554546059455,0.0,0.0,0.0,57960.75793072867
2020-02-18,62743.38934330593,-62003.9029754339,156803.8342470841,62743.38934330593,62743.38934330593,-16846.2399607073,-16846.2399607073,-16846.2399607073,-16846.2399607073,-16846.2399607073,-16846.2399607073,0.0,0.0,0.0,45897.149382598625
2020-02-19,65423.26530127725,-56116.87873387945,158184.21754380336,65423.26530127725,65423.26530127725,-11063.558307262605,-11063.558307262605,-11063.558307262605,-11063.558307262605,-11063.558307262605,-11063.558307262605,0.0,0.0,0.0,54359.70699401465
2020-02-20,68103.14125924857,-39816.42131015037,181966.08960457615,68103.14125924857,68103.14125924857,-1117.543863256765,-1117.543863256765,-1117.543863256765,-1117.543863256765,-1117.543863256765,-1117.543863256765,0.0,0.0,0.0,66985.5973959918
2020-02-21,70783.01721721988,-25873.12628091074,183696.81234738213,70783.01721721988,70783.01721721988,10080.978736656287,10080.978736656287,10080.978736656287,10080.978736656287,10080.978736656287,10080.978736656287,0.0,0.0,0.0,80863.99595387616
2020-02-22,73462.89214692985,-18781.912963200484,186865.39350555046,73462.89214692985,73462.89214692985,13750.326871366222,13750.326871366222,13750.326871366222,13750.326871366222,13750.326871366222,13750.326871366222,0.0,0.0,0.0,87213.21901829608
2020-02-23,76142.76707663982,-23878.258080330063,181272.0779985474,76142.76707663982,76142.76707663982,7298.7919778509495,7298.7919778509495,7298.7919778509495,7298.7919778509495,7298.7919778509495,7298.7919778509495,0.0,0.0,0.0,83441.55905449078
2020-02-24,78822.6420063498,-30553.253350401053,185172.41894245698,78822.6420063498,78822.6420063498,-2102.7554546197084,-2102.7554546197084,-2102.7554546197084,-2102.7554546197084,-2102.7554546197084,-2102.7554546197084,0.0,0.0,0.0,76719.88655173009
2020-02-25,81502.51693605976,-37255.216593454905,171711.18631762662,81502.51693605976,81502.51693605976,-16846.23996071089,-16846.23996071089,-16846.23996071089,-16846.23996071089,-16846.23996071089,-16846.23996071089,0.0,0.0,0.0,64656.276975348876
2020-02-26,84182.39186576974,-30131.46091080334,174990.5975108336,84182.39186576974,84182.39186576974,-11063.558307249867,-11063.558307249867,-11063.558307249867,-11063.558307249867,-11063.558307249867,-11063.558307249867,0.0,0.0,0.0,73118.83355851987
2020-02-27,86862.2667954797,-15918.914716883115,194625.22576422396,86862.2667954797,86862.2667954797,-1117.543863308616,-1117.543863308616,-1117.543863308616,-1117.543863308616,-1117.543863308616,-1117.543863308616,0.0,0.0,0.0,85744.72293217109
2020-02-28,89828.27303269117,-2753.9075549070376,202460.96201690924,89828.27303269117,89828.27303269117,10080.978736658122,10080.978736658122,10080.978736658122,10080.978736658122,10080.978736658122,10080.978736658122,0.0,0.0,0.0,99909.2517693493
2020-02-29,92794.27926990265,8493.39413905706,216590.07474794518,92794.27926990265,92794.27926990265,13750.32687135625,13750.32687135625,13750.32687135625,13750.32687135625,13750.32687135625,13750.32687135625,0.0,0.0,0.0,106544.6061412589
2020-03-01,95760.2855071141,993.2116671720313,213431.85085758736,95760.2855071141,95760.2855071141,7298.791977869258,7298.791977869258,7298.791977869258,7298.791977869258,7298.791977869258,7298.791977869258,0.0,0.0,0.0,103059.07748498335
2020-03-02,98726.29174432556,182.7190385402792,207105.3454270147,98726.29174432556,98726.29174432556,-2102.7554546251836,-2102.7554546251836,-2102.7554546251836,-2102.7554546251836,-2102.7554546251836,-2102.7554546251836,0.0,0.0,0.0,96623.53628970038
2020-03-03,101692.297981537,-23370.52312410948,190951.88263467603,101692.297981537,101692.297981537,-16846.23996071448,-16846.23996071448,-16846.23996071448,-16846.23996071448,-16846.23996071448,-16846.23996071448,0.0,0.0,0.0,84846.05802082253
2020-03-04,104658.3042187485,-9956.974042397673,205758.03369414445,104658.3042187485,104658.3042187485,-11063.558307283023,-11063.558307283023,-11063.558307283023,-11063.558307283023,-11063.558307283023,-11063.558307283023,0.0,0.0,0.0,93594.74591146548
2020-03-05,108493.51397264139,2982.6974860133178,217668.8625744489,108493.51397264139,108493.51397264139,-1117.5438632964594,-1117.5438632964594,-1117.5438632964594,-1117.5438632964594,-1117.5438632964594,-1117.5438632964594,0.0,0.0,0.0,107375.97010934493
2020-03-06,112328.72372653428,19347.40646995817,217876.3010622279,112328.72372653428,112328.72372653428,10080.978736673398,10080.978736673398,10080.978736673398,10080.978736673398,10080.978736673398,10080.978736673398,0.0,0.0,0.0,122409.70246320768
2020-03-07,116163.93348042718,21991.807212528394,225982.00100617725,116163.93348042718,116163.93348042718,13750.326871358904,13750.326871358904,13750.326871358904,13750.326871358904,13750.326871358904,13750.326871358904,0.0,0.0,0.0,129914.26035178608
2020-03-08,119999.1432343201,19371.784680460252,227039.2551673981,119999.1432343201,119999.1432343201,7298.791977869851,7298.791977869851,7298.791977869851,7298.791977869851,7298.791977869851,7298.791977869851,0.0,0.0,0.0,127297.93521218996
2020-03-09,123834.35298821302,20430.962539725588,231477.52905757696,123834.35298821302,123834.35298821302,-2102.755454580777,-2102.755454580777,-2102.755454580777,-2102.755454580777,-2102.755454580777,-2102.755454580777,0.0,0.0,0.0,121731.59753363224
2020-03-10,127669.56274210595,7035.456126946167,215497.97555996932,127669.56274210595,127669.56274210595,-16846.239960718063,-16846.239960718063,-16846.239960718063,-16846.239960718063,-16846.239960718063,-16846.239960718063,0.0,0.0,0.0,110823.32278138789
2020-03-11,134038.33543375973,22726.40824073084,229562.6587176946,134038.33543375973,134038.33543375973,-11063.558307270281,-11063.558307270281,-11063.558307270281,-11063.558307270281,-11063.558307270281,-11063.558307270281,0.0,0.0,0.0,122974.77712648944
2020-03-12,140407.10812541356,36402.25118988968,252847.67747186153,140407.10812541356,140407.10812541356,-1117.5438632959056,-1117.5438632959056,-1117.5438632959056,-1117.5438632959056,-1117.5438632959056,-1117.5438632959056,0.0,0.0,0.0,139289.56426211767
2020-03-13,146775.88081706731,51450.92309833153,259259.25706587726,146775.88081706731,146775.88081706731,10080.978736661784,10080.978736661784,10080.978736661784,10080.978736661784,10080.978736661784,10080.978736661784,0.0,0.0,0.0,156856.8595537291
2020-03-14,153144.65350872115,62164.80596414641,273204.98411812226,153144.65350872115,153144.65350872115,13750.326871361556,13750.326871361556,13750.326871361556,13750.326871361556,13750.326871361556,13750.326871361556,0.0,0.0,0.0,166894.9803800827
2020-03-15,159513.426200375,57161.59437492972,269205.995940352,159513.426200375,159513.426200375,7298.791977851825,7298.791977851825,7298.791977851825,7298.791977851825,7298.791977851825,7298.791977851825,0.0,0.0,0.0,166812.21817822682
2020-03-16,165882.19889202854,57958.362020323875,264035.19350147096,165882.19889202854,165882.19889202854,-2102.755454590395,-2102.755454590395,-2102.755454590395,-2102.755454590395,-2102.755454590395,-2102.755454590395,0.0,0.0,0.0,163779.44343743814
2020-03-17,192751.95814905892,65076.146349567134,284658.9282800197,192751.95814905892,192751.95814905892,-16846.239960723495,-16846.239960723495,-16846.239960723495,-16846.239960723495,-16846.239960723495,-16846.239960723495,0.0,0.0,0.0,175905.71818833542
2020-03-18,219621.71740608907,104967.12057601103,322525.59208520333,219621.71740608907,219621.71740608907,-11063.55830727246,-11063.55830727246,-11063.55830727246,-11063.55830727246,-11063.55830727246,-11063.55830727246,0.0,0.0,0.0,208558.1590988166
2020-03-19,246491.47666311948,138899.85271486355,349382.15170463274,246491.47666311948,246491.47666311948,-1117.5438632953515,-1117.5438632953515,-1117.5438632953515,-1117.5438632953515,-1117.5438632953515,-1117.5438632953515,0.0,0.0,0.0,245373.93279982414
2020-03-20,273361.2359201499,177026.29330309396,391291.85527368315,273361.2359201499,273361.2359201499,10080.978736650115,10080.978736650115,10080.978736650115,10080.978736650115,10080.978736650115,10080.978736650115,0.0,0.0,0.0,283442.21465680003
2020-03-21,300230.99517718004,204875.7277572819,416516.2515907485,300230.99517718004,300230.99517718004,13750.326871364206,13750.326871364206,13750.326871364206,13750.326871364206,13750.326871364206,13750.326871364206,0.0,0.0,0.0,313981.32204854424
2020-03-22,327100.7544342109,221843.42579204906,450446.4415826128,327100.7544342109,327100.7544342109,7298.791977852418,7298.791977852418,7298.791977852418,7298.791977852418,7298.791977852418,7298.791977852418,0.0,0.0,0.0,334399.5464120633
2020-03-23,381071.50089491357,268269.6796064155,482230.17485937657,381071.50089491357,381071.50089491357,-2102.7554546041583,-2102.7554546041583,-2102.7554546041583,-2102.7554546041583,-2102.7554546041583,-2102.7554546041583,0.0,0.0,0.0,378968.7454403094
2020-03-24,435042.2473556158,319410.3138105318,524309.3678303505,435042.2473556158,435042.2473556158,-16846.239960725245,-16846.239960725245,-16846.239960725245,-16846.239960725245,-16846.239960725245,-16846.239960725245,0.0,0.0,0.0,418196.00739489053
2020-03-25,489012.99381631846,376262.88804097724,576905.4084326732,489012.99381631846,489012.99381631846,-11063.558307305617,-11063.558307305617,-11063.558307305617,-11063.558307305617,-11063.558307305617,-11063.558307305617,0.0,0.0,0.0,477949.43550901284
2020-03-26,542983.7402770206,436478.3219123065,651823.857237984,542983.7402770206,542983.7402770206,-1117.5438632715925,-1117.5438632715925,-1117.5438632715925,-1117.5438632715925,-1117.5438632715925,-1117.5438632715925,0.0,0.0,0.0,541866.196413749
2020-03-27,596954.4867377233,499984.6619863915,716585.0625524719,596954.4867377233,596954.4867377233,10080.978736651947,10080.978736651947,10080.978736651947,10080.978736651947,10080.978736651947,10080.978736651947,0.0,0.0,0.0,607035.4654743753
2020-03-28,650925.233198426,567825.0018689947,777869.4234599757,650925.233198426,650925.233198426,13750.326871354233,13750.326871354233,13750.326871354233,13750.326871354233,13750.326871354233,13750.326871354233,0.0,0.0,0.0,664675.5600697802
2020-03-29,727438.9679394439,633573.7548373125,839911.2804592683,727438.9679394439,727438.9679394439,7298.7919778437035,7298.7919778437035,7298.7919778437035,7298.7919778437035,7298.7919778437035,7298.7919778437035,0.0,0.0,0.0,734737.7599172876
2020-03-30,803952.7026804617,699709.6958742118,903845.7414976367,803952.7026804617,803952.7026804617,-2102.755454617921,-2102.755454617921,-2102.755454617921,-2102.755454617921,-2102.755454617921,-2102.755454617921,0.0,0.0,0.0,801849.9472258438
2020-03-31,880466.4374214795,758014.1173499138,978280.20353176,880466.4374214795,880466.4374214795,-16846.2399607086,-16846.2399607086,-16846.2399607086,-16846.2399607086,-16846.2399607086,-16846.2399607086,0.0,0.0,0.0,863620.1974607708
2020-04-01,956980.1721624983,841877.0441411781,1045097.8048577015,956980.1721624983,956980.1721624983,-11063.558307300338,-11063.558307300338,-11063.558307300338,-11063.558307300338,-11063.558307300338,-11063.558307300338,0.0,0.0,0.0,945916.613855198
2020-04-02,1033493.9069035171,929056.7163289187,1139118.7430069896,1033493.9069035171,1033493.9069035171,-1117.5438632710386,-1117.5438632710386,-1117.5438632710386,-1117.5438632710386,-1117.5438632710386,-1117.5438632710386,0.0,0.0,0.0,1032376.3630402461
2020-04-03,1110007.6416445358,1017395.997409624,1223170.2346746102,1110007.6416445358,1110007.6416445358,10080.978736667224,10080.978736667224,10080.978736667224,10080.978736667224,10080.978736667224,10080.978736667224,0.0,0.0,0.0,1120088.620381203
2020-04-04,1190087.1352773018,1094147.2277110848,1313138.7408763105,1190087.1352773018,1190087.1352773018,13750.326871370737,13750.326871370737,13750.326871370737,13750.326871370737,13750.326871370737,13750.326871370737,0.0,0.0,0.0,1203837.4621486724
2020-04-05,1270166.6289100675,1177320.9118612825,1387266.6282266849,1270166.6289100675,1270166.6289100675,7298.791977871319,7298.791977871319,7298.791977871319,7298.791977871319,7298.791977871319,7298.791977871319,0.0,0.0,0.0,1277465.4208879387
2020-04-06,1350246.1225428316,1243583.730267823,1455976.5326915388,1350246.1225428316,1350246.1225428316,-2102.755454623396,-2102.755454623396,-2102.755454623396,-2102.755454623396,-2102.755454623396,-2102.755454623396,0.0,0.0,0.0,1348143.3670882082
2020-04-07,1430325.6161755973,1302152.1976259956,1514377.8895364979,1430325.6161755973,1430325.6161755973,-16846.239960712188,-16846.239960712188,-16846.239960712188,-16846.239960712188,-16846.239960712188,-16846.239960712188,0.0,0.0,0.0,1413479.3762148852
2020-04-08,1510405.1098083614,1388694.3886509833,1608121.0967082924,1510405.1098083614,1510405.1098083614,-11063.558307287594,-11063.558307287594,-11063.558307287594,-11063.558307287594,-11063.558307287594,-11063.558307287594,0.0,0.0,0.0,1499341.5515010739
2020-04-09,1590628.3164782936,1487537.1563151835,1693932.7056439277,1590628.3164782936,1590628.3164782936,-1117.5438632588816,-1117.5438632588816,-1117.5438632588816,-1117.5438632588816,-1117.5438632588816,-1117.5438632588816,0.0,0.0,0.0,1589510.7726150348
2020-04-10,1670851.5231482247,1567129.9862230723,1785212.7964453374,1670851.5231482247,1670851.5231482247,10080.978736682506,10080.978736682506,10080.978736682506,10080.978736682506,10080.978736682506,10080.978736682506,0.0,0.0,0.0,1680932.5018849073
2020-04-11,1751074.729818156,1663319.7199211167,1864833.7188725318,1751074.729818156,1751074.729818156,13750.326871360761,13750.326871360761,13750.326871360761,13750.326871360761,13750.326871360761,13750.326871360761,0.0,0.0,0.0,1764825.0566895166
2020-04-12,1831297.9364880873,1739333.2095641848,1956520.740518629,1831297.9364880873,1831297.9364880873,7298.791977862603,7298.791977862603,7298.791977862603,7298.791977862603,7298.791977862603,7298.791977862603,0.0,0.0,0.0,1838596.72846595
2020-04-13,1911521.1431580186,1791099.7343453905,2007773.959157643,1911521.1431580186,1911521.1431580186,-2102.75545463716,-2102.75545463716,-2102.75545463716,-2102.75545463716,-2102.75545463716,-2102.75545463716,0.0,0.0,0.0,1909418.3877033815
2020-04-14,1991744.34982795,1875062.230376555,2075899.312681109,1991744.34982795,1991744.34982795,-16846.23996071578,-16846.23996071578,-16846.23996071578,-16846.23996071578,-16846.23996071578,-16846.23996071578,0.0,0.0,0.0,1974898.109867234
2020-04-15,2071997.6189304146,1963655.2066840455,2169043.082239776,2071997.6189304146,2071997.6189304146,-11063.558307282314,-11063.558307282314,-11063.558307282314,-11063.558307282314,-11063.558307282314,-11063.558307282314,0.0,0.0,0.0,2060934.0606231322
2020-04-16,2152250.8880328783,2040013.622441263,2259522.944119723,2152250.8880328783,2152250.8880328783,-1117.5438632991302,-1117.5438632991302,-1117.5438632991302,-1117.5438632991302,-1117.5438632991302,-1117.5438632991302,0.0,0.0,0.0,2151133.344169579
2020-04-17,2232504.157135343,2133607.834850748,2345357.9995822664,2232504.157135343,2232504.157135343,10080.978736670888,10080.978736670888,10080.978736670888,10080.978736670888,10080.978736670888,10080.978736670888,0.0,0.0,0.0,2242585.135872014
2020-04-18,2312757.4262378076,2217245.1717251563,2432049.250971505,2312757.4262378076,2312757.4262378076,13750.32687137604,13750.32687137604,13750.32687137604,13750.32687137604,13750.32687137604,13750.32687137604,0.0,0.0,0.0,2326507.7531091836
2020-04-19,2393010.6953402716,2286794.8931924626,2506604.7434361344,2393010.6953402716,2393010.6953402716,7298.791977863195,7298.791977863195,7298.791977863195,7298.791977863195,7298.791977863195,7298.791977863195,0.0,0.0,0.0,2400309.487318135
2020-04-20,2473263.9644427355,2369829.9598108227,2578721.0266157817,2473263.9644427355,2473263.9644427355,-2102.755454646778,-2102.755454646778,-2102.755454646778,-2102.755454646778,-2102.755454646778,-2102.755454646778,0.0,0.0,0.0,2471161.2089880886
2020-04-21,2553521.22819329,2429512.4001605078,2638511.363103838,2553521.22819329,2553521.22819329,-16846.239960697294,-16846.239960697294,-16846.239960697294,-16846.239960697294,-16846.239960697294,-16846.239960697294,0.0,0.0,0.0,2536674.9882325926
2020-04-22,2633778.4919438455,2515030.984721977,2733346.5389819946,2633778.4919438455,2633778.4919438455,-11063.558307269572,-11063.558307269572,-11063.558307269572,-11063.558307269572,-11063.558307269572,-11063.558307269572,0.0,0.0,0.0,2622714.933636576
2020-04-23,2714035.755694401,2608372.1910856846,2814774.5155465365,2714035.755694401,2714035.755694401,-1117.5438632869739,-1117.5438632869739,-1117.5438632869739,-1117.5438632869739,-1117.5438632869739,-1117.5438632869739,0.0,0.0,0.0,2712918.211831114
2020-04-24,2794293.0194449555,2698217.8179878676,2914263.300452264,2794293.0194449555,2794293.0194449555,10080.97873668617,10080.97873668617,10080.97873668617,10080.97873668617,10080.97873668617,10080.97873668617,0.0,0.0,0.0,2804373.9981816416
2020-04-25,2874550.28319551,2782181.064330313,2993713.3902836465,2874550.28319551,2874550.28319551,13750.326871366065,13750.326871366065,13750.326871366065,13750.326871366065,13750.326871366065,13750.326871366065,0.0,0.0,0.0,2888300.6100668763
2020-04-26,2954807.546946067,2853889.067262586,3060833.0275803967,2954807.546946067,2954807.546946067,7298.791977854479,7298.791977854479,7298.791977854479,7298.791977854479,7298.791977854479,7298.791977854479,0.0,0.0,0.0,2962106.3389239213
2020-04-27,3035781.9611782315,2932979.060961249,3134258.8566768765,3035781.9611782315,3035781.9611782315,-2102.755454598226,-2102.755454598226,-2102.755454598226,-2102.755454598226,-2102.755454598226,-2102.755454598226,0.0,0.0,0.0,3033679.2057236335
2020-04-28,3116756.375410395,2994665.21060248,3209420.842964434,3116756.375410395,3116756.375410395,-16846.239960700885,-16846.239960700885,-16846.239960700885,-16846.239960700885,-16846.239960700885,-16846.239960700885,0.0,0.0,0.0,3099910.1354496945
2020-04-29,3197730.7896425594,3080406.93115736,3295963.718952403,3197730.7896425594,3197730.7896425594,-11063.558307271753,-11063.558307271753,-11063.558307271753,-11063.558307271753,-11063.558307271753,-11063.558307271753,0.0,0.0,0.0,3186667.2313352874
2020-04-30,3278705.203874724,3164618.47594606,3375914.2017264054,3278705.203874724,3278705.203874724,-1117.5438632864198,-1117.5438632864198,-1117.5438632864198,-1117.5438632864198,-1117.5438632864198,-1117.5438632864198,0.0,0.0,0.0,3277587.6600114377
2020-05-01,3359679.6181068886,3261003.9868580997,3467607.817299704,3359679.6181068886,3359679.6181068886,10080.978736647603,10080.978736647603,10080.978736647603,10080.978736647603,10080.978736647603,10080.978736647603,0.0,0.0,0.0,3369760.596843536
2020-05-02,3440654.0323390523,3350360.867774539,3561680.734221216,3440654.0323390523,3440654.0323390523,13750.326871369938,13750.326871369938,13750.326871369938,13750.326871369938,13750.326871369938,13750.326871369938,0.0,0.0,0.0,3454404.3592104223
2020-05-03,3522164.9942566697,3427611.810632709,3637416.2317581424,3522164.9942566697,3522164.9942566697,7298.791977855071,7298.791977855071,7298.791977855071,7298.791977855071,7298.791977855071,7298.791977855071,0.0,0.0,0.0,3529463.7862345246
2020-05-04,3603675.95617429,3496817.823641014,3703937.0795382815,3603675.95617429,3603675.95617429,-2102.755454607844,-2102.755454607844,-2102.755454607844,-2102.755454607844,-2102.755454607844,-2102.755454607844,0.0,0.0,0.0,3601573.200719682
2020-05-05,3685186.9180919095,3561138.113385529,3776225.324080297,3685186.9180919095,3685186.9180919095,-16846.23996070447,-16846.23996070447,-16846.23996070447,-16846.23996070447,-16846.23996070447,-16846.23996070447,0.0,0.0,0.0,3668340.678131205
2020-05-06,3766697.880009528,3650790.1330189803,3850583.064525639,3766697.880009528,3766697.880009528,-11063.55830725901,-11063.55830725901,-11063.55830725901,-11063.55830725901,-11063.55830725901,-11063.55830725901,0.0,0.0,0.0,3755634.321702269
2020-05-07,3848208.8419271475,3738829.9274378438,3953466.2381197927,3848208.8419271475,3848208.8419271475,-1117.543863274263,-1117.543863274263,-1117.543863274263,-1117.543863274263,-1117.543863274263,-1117.543863274263,0.0,0.0,0.0,3847091.2980638733
2020-05-08,3929719.803844764,3829917.485726017,4044633.966797717,3929719.803844764,3929719.803844764,10080.978736662884,10080.978736662884,10080.978736662884,10080.978736662884,10080.978736662884,10080.978736662884,0.0,0.0,0.0,3939800.7825814267
2020-05-09,4014915.23208936,3928302.7027755086,4141532.5424612537,4014915.23208936,4014915.23208936,13750.326871372594,13750.326871372594,13750.326871372594,13750.326871372594,13750.326871372594,13750.326871372594,0.0,0.0,0.0,4028665.5589607325
2020-05-10,4100110.6603339557,3999657.3825677596,4207172.501327904,4100110.6603339557,4100110.6603339557,7298.791977837047,7298.791977837047,7298.791977837047,7298.791977837047,7298.791977837047,7298.791977837047,0.0,0.0,0.0,4107409.452311793
2020-05-11,4185306.0885785515,4074224.7822652985,4289893.119478557,4185306.0885785515,4185306.0885785515,-2102.7554546216074,-2102.7554546216074,-2102.7554546216074,-2102.7554546216074,-2102.7554546216074,-2102.7554546216074,0.0,0.0,0.0,4183203.33312393
2020-05-12,4270501.516823146,4156193.1565839997,4359008.863200431,4270501.516823146,4270501.516823146,-16846.2399607099,-16846.2399607099,-16846.2399607099,-16846.2399607099,-16846.2399607099,-16846.2399607099,0.0,0.0,0.0,4253655.276862436
2020-05-13,4355696.94506774,4231529.453995033,4452801.060796977,4355696.94506774,4355696.94506774,-11063.558307292167,-11063.558307292167,-11063.558307292167,-11063.558307292167,-11063.558307292167,-11063.558307292167,0.0,0.0,0.0,4344633.386760448
2020-05-14,4440892.373312334,4331878.893614026,4541419.729115912,4440892.373312334,4440892.373312334,-1117.5438632737091,-1117.5438632737091,-1117.5438632737091,-1117.5438632737091,-1117.5438632737091,-1117.5438632737091,0.0,0.0,0.0,4439774.829449059
2020-05-15,4534516.944962357,4429835.375028172,4645196.696453615,4534516.944962357,4534516.944962357,10080.978736664714,10080.978736664714,10080.978736664714,10080.978736664714,10080.978736664714,10080.978736664714,0.0,0.0,0.0,4544597.923699022
2020-05-16,4628141.51661238,4539853.957345188,4746779.207733296,4628141.51661238,4628141.51661238,13750.326871375246,13750.326871375246,13750.326871375246,13750.326871375246,13750.326871375246,13750.326871375246,0.0,0.0,0.0,4641891.843483755
2020-05-17,4721766.0882624015,4622621.913118225,4838833.873046643,4721766.0882624015,4721766.0882624015,7298.791977837639,7298.791977837639,7298.791977837639,7298.791977837639,7298.791977837639,7298.791977837639,0.0,0.0,0.0,4729064.880240239
2020-05-18,4815390.659912421,4707817.199437887,4919444.904372394,4815390.659912421,4815390.659912421,-2102.7554545689127,-2102.7554545689127,-2102.7554545689127,-2102.7554545689127,-2102.7554545689127,-2102.7554545689127,0.0,0.0,0.0,4813287.904457852
2020-05-19,4909015.231562443,4791079.171727163,4992986.502368969,4909015.231562443,4909015.231562443,-16846.23996071533,-16846.23996071533,-16846.23996071533,-16846.23996071533,-16846.23996071533,-16846.23996071533,0.0,0.0,0.0,4892168.991601728
2020-05-20,5002639.803212466,4886488.257668737,5098433.968021976,5002639.803212466,5002639.803212466,-11063.558307286887,-11063.558307286887,-11063.558307286887,-11063.558307286887,-11063.558307286887,-11063.558307286887,0.0,0.0,0.0,4991576.244905178
2020-05-21,5106115.996342709,5001590.453305857,5213790.6700160075,5106115.996342709,5106115.996342709,-1117.5438632499502,-1117.5438632499502,-1117.5438632499502,-1117.5438632499502,-1117.5438632499502,-1117.5438632499502,0.0,0.0,0.0,5104998.452479459
2020-05-22,5209592.18947295,5115158.649466022,5321490.5420610765,5209592.18947295,5209592.18947295,10080.97873666655,10080.97873666655,10080.97873666655,10080.97873666655,10080.97873666655,10080.97873666655,0.0,0.0,0.0,5219673.168209617
2020-05-23,5313068.382603193,5214400.473986121,5431233.151923624,5313068.382603193,5313068.382603193,13750.326871365272,13750.326871365272,13750.326871365272,13750.326871365272,13750.326871365272,13750.326871365272,0.0,0.0,0.0,5326818.709474558
2020-05-24,5416544.575733434,5310006.853197305,5528132.70637636,5416544.575733434,5416544.575733434,7298.791977865258,7298.791977865258,7298.791977865258,7298.791977865258,7298.791977865258,7298.791977865258,0.0,0.0,0.0,5423843.3677113
2020-05-25,5520020.768863677,5417731.842763098,5630476.788420952,5520020.768863677,5520020.768863677,-2102.755454582675,-2102.755454582675,-2102.755454582675,-2102.755454582675,-2102.755454582675,-2102.755454582675,0.0,0.0,0.0,5517918.013409094
2020-05-26,5623496.961993921,5500074.217987463,5706730.868073187,5623496.961993921,5623496.961993921,-16846.239960718918,-16846.239960718918,-16846.239960718918,-16846.239960718918,-16846.239960718918,-16846.239960718918,0.0,0.0,0.0,5606650.722033202
2020-05-27,5738413.628436097,5626972.587461654,5834628.9988637315,5738413.628436097,5738413.628436097,-11063.558307281603,-11063.558307281603,-11063.558307281603,-11063.558307281603,-11063.558307281603,-11063.558307281603,0.0,0.0,0.0,5727350.070128815
2020-05-28,5853330.294878274,5739237.604312997,5963212.362881319,5853330.294878274,5853330.294878274,-1117.5438632901985,-1117.5438632901985,-1117.5438632901985,-1117.5438632901985,-1117.5438632901985,-1117.5438632901985,0.0,0.0,0.0,5852212.751014984
2020-05-29,5968246.961320448,5877225.547690851,6077806.38009804,5968246.961320448,5968246.961320448,10080.978736641435,10080.978736641435,10080.978736641435,10080.978736641435,10080.978736641435,10080.978736641435,0.0,0.0,0.0,5978327.94005709
2020-05-30,6083163.627762623,5992271.896148047,6196743.3103160085,6083163.627762623,6083163.627762623,13750.326871355297,13750.326871355297,13750.326871355297,13750.326871355297,13750.326871355297,13750.326871355297,0.0,0.0,0.0,6096913.954633978
2020-05-31,6198080.2942047985,6101052.028244885,6315345.656143288,6198080.2942047985,6198080.2942047985,7298.791977856539,7298.791977856539,7298.791977856539,7298.791977856539,7298.791977856539,7298.791977856539,0.0,0.0,0.0,6205379.086182655
2020-06-01,6312996.960646976,6207744.53631786,6420400.078837568,6312996.960646976,6312996.960646976,-2102.75545458815,-2102.75545458815,-2102.75545458815,-2102.75545458815,-2102.75545458815,-2102.75545458815,0.0,0.0,0.0,6310894.205192388
2020-06-02,6427913.626146903,6304666.33705533,6518071.317831481,6427913.626146903,6427913.626146903,-16846.239960722505,-16846.239960722505,-16846.239960722505,-16846.239960722505,-16846.239960722505,-16846.239960722505,0.0,0.0,0.0,6411067.386186181
2020-06-03,6542830.291646828,6417817.452774108,6630210.685225793,6542830.291646828,6542830.291646828,-11063.558307268868,-11063.558307268868,-11063.558307268868,-11063.558307268868,-11063.558307268868,-11063.558307268868,0.0,0.0,0.0,6531766.733339559
2020-06-04,6657746.957146757,6556216.50122329,6765646.039181514,6657746.957146757,6657746.957146757,-1117.5438632780417,-1117.5438632780417,-1117.5438632780417,-1117.5438632780417,-1117.5438632780417,-1117.5438632780417,0.0,0.0,0.0,6656629.413283479
2020-06-05,6772663.622646686,6691056.926223247,6894609.8266955,6772663.622646686,6772663.622646686,10080.97873665671,10080.97873665671,10080.97873665671,10080.97873665671,10080.97873665671,10080.97873665671,0.0,0.0,0.0,6782744.601383342
2020-06-06,6887580.288146613,6800014.900973141,7005282.953110091,6887580.288146613,6887580.288146613,13750.32687135795,13750.32687135795,13750.32687135795,13750.32687135795,13750.32687135795,13750.32687135795,0.0,0.0,0.0,6901330.615017971
2020-06-07,7002496.953646542,6895035.422896392,7113897.582561186,7002496.953646542,7002496.953646542,7298.7919778478245,7298.7919778478245,7298.7919778478245,7298.7919778478245,7298.7919778478245,7298.7919778478245,0.0,0.0,0.0,7009795.7456243895
2020-06-08,7117413.620448109,7013129.944876034,7218608.112372795,7117413.620448109,7117413.620448109,-2102.755454601913,-2102.755454601913,-2102.755454601913,-2102.755454601913,-2102.755454601913,-2102.755454601913,0.0,0.0,0.0,7115310.864993507
2020-06-09,7232330.28724968,7101829.055051201,7312943.794410212,7232330.28724968,7232330.28724968,-16846.239960704028,-16846.239960704028,-16846.239960704028,-16846.239960704028,-16846.239960704028,-16846.239960704028,0.0,0.0,0.0,7215484.047288976
2020-06-10,7347246.954051249,7234200.365712349,7436838.155559363,7347246.954051249,7347246.954051249,-11063.55830725612,-11063.55830725612,-11063.55830725612,-11063.55830725612,-11063.55830725612,-11063.55830725612,0.0,0.0,0.0,7336183.395743992
2020-06-11,7462163.620852818,7350770.554440173,7563493.745302382,7462163.620852818,7462163.620852818,-1117.543863277488,-1117.543863277488,-1117.543863277488,-1117.543863277488,-1117.543863277488,-1117.543863277488,0.0,0.0,0.0,7461046.07698954
2020-06-12,7577080.28765439,7476724.862174281,7691001.296399485,7577080.28765439,7577080.28765439,10080.978736645098,10080.978736645098,10080.978736645098,10080.978736645098,10080.978736645098,10080.978736645098,0.0,0.0,0.0,7587161.266391035
2020-06-13,7691996.954455957,7602918.705011188,7812038.906946128,7691996.954455957,7691996.954455957,13750.326871360601,13750.326871360601,13750.326871360601,13750.326871360601,13750.326871360601,13750.326871360601,0.0,0.0,0.0,7705747.2813273175
2020-06-14,7806900.203309326,7713823.380552349,7917899.192965463,7806900.203309326,7806900.203309326,7298.791977875443,7298.791977875443,7298.791977875443,7298.791977875443,7298.791977875443,7298.791977875443,0.0,0.0,0.0,7814198.995287202
2020-06-15,7921803.452162695,7811920.760653119,8027559.072372916,7921803.452162695,7921803.452162695,-2102.755454611532,-2102.755454611532,-2102.755454611532,-2102.755454611532,-2102.755454611532,-2102.755454611532,0.0,0.0,0.0,7919700.696708083
2020-06-16,8036706.701016067,7914564.220964146,8126971.1370786205,8036706.701016067,8036706.701016067,-16846.239960709452,-16846.239960709452,-16846.239960709452,-16846.239960709452,-16846.239960709452,-16846.239960709452,0.0,0.0,0.0,8019860.461055357
2020-06-17,8151609.949869439,8030257.888365337,8244864.0206202855,8151609.949869439,8151609.949869439,-11063.558307250842,-11063.558307250842,-11063.558307250842,-11063.558307250842,-11063.558307250842,-11063.558307250842,0.0,0.0,0.0,8140546.391562188
2020-06-18,8266513.198722808,8156497.412137651,8380676.834745487,8266513.198722808,8266513.198722808,-1117.5438632653315,-1117.5438632653315,-1117.5438632653315,-1117.5438632653315,-1117.5438632653315,-1117.5438632653315,0.0,0.0,0.0,8265395.654859542
2020-06-19,8381416.447576177,8285822.0801266,8495338.862338498,8381416.447576177,8381416.447576177,10080.978736660372,10080.978736660372,10080.978736660372,10080.978736660372,10080.978736660372,10080.978736660372,0.0,0.0,0.0,8391497.426312838
2020-06-20,8585407.10849188,8489002.217078801,8705955.040671501,8585407.10849188,8585407.10849188,13750.326871364477,13750.326871364477,13750.326871364477,13750.326871364477,13750.326871364477,13750.326871364477,0.0,0.0,0.0,8599157.435363246
2020-06-21,8789397.769407589,8690787.608637666,8902209.343043579,8789397.769407589,8789397.769407589,7298.791977866726,7298.791977866726,7298.791977866726,7298.791977866726,7298.791977866726,7298.791977866726,0.0,0.0,0.0,8796696.561385456
2020-06-22,8993388.430323293,8888506.057065899,9102520.47534766,8993388.430323293,8993388.430323293,-2102.7554546252945,-2102.7554546252945,-2102.7554546252945,-2102.7554546252945,-2102.7554546252945,-2102.7554546252945,0.0,0.0,0.0,8991285.674868667
2020-06-23,9197379.091238996,9073609.367103012,9285121.274616998,9197379.091238996,9197379.091238996,-16846.2399607112,-16846.2399607112,-16846.2399607112,-16846.2399607112,-16846.2399607112,-16846.2399607112,0.0,0.0,0.0,9180532.851278285
2020-06-24,9401369.752154697,9277330.345707871,9493497.419008197,9401369.752154697,9401369.752154697,-11063.55830724556,-11063.55830724556,-11063.55830724556,-11063.55830724556,-11063.55830724556,-11063.55830724556,0.0,0.0,0.0,9390306.193847451
2020-06-25,9605360.413070405,9498043.254019925,9719325.827317806,9605360.413070405,9605360.413070405,-1117.5438633055796,-1117.5438633055796,-1117.5438633055796,-1117.5438633055796,-1117.5438633055796,-1117.5438633055796,0.0,0.0,0.0,9604242.8692071
2020-06-26,9809351.07398611,9719215.964263303,9932917.438982768,9809351.07398611,9809351.07398611,10080.978736662208,10080.978736662208,10080.978736662208,10080.978736662208,10080.978736662208,10080.978736662208,0.0,0.0,0.0,9819432.05272277
2020-06-27,10013341.734901812,9921326.15341802,10136012.861127542,10013341.734901812,10013341.734901812,13750.326871354502,13750.326871354502,13750.326871354502,13750.326871354502,13750.326871354502,13750.326871354502,0.0,0.0,0.0,10027092.061773166
2020-06-28,10217332.395817516,10118975.155365514,10325899.97369341,10217332.395817516,10217332.395817516,7298.791977867318,7298.791977867318,7298.791977867318,7298.791977867318,7298.791977867318,7298.791977867318,0.0,0.0,0.0,10224631.187795384
2020-06-29,10421323.05673322,10310794.439451968,10525088.448279684,10421323.05673322,10421323.05673322,-2102.7554546349143,-2102.7554546349143,-2102.7554546349143,-2102.7554546349143,-2102.7554546349143,-2102.7554546349143,0.0,0.0,0.0,10419220.301278586
2020-06-30,10625313.717648925,10495894.159264911,10701548.656558223,10625313.717648925,10625313.717648925,-16846.23996071663,-16846.23996071663,-16846.23996071663,-16846.23996071663,-16846.23996071663,-16846.23996071663,0.0,0.0,0.0,10608467.477688208
2020-07-01,10829304.378564628,10721988.042821905,10925337.472934589,10829304.378564628,10829304.378564628,-11063.558307286177,-11063.558307286177,-11063.558307286177,-11063.558307286177,-11063.558307286177,-11063.558307286177,0.0,0.0,0.0,10818240.820257341
2020-07-02,11033295.039480332,10927644.325715953,11141657.832607726,11033295.039480332,11033295.039480332,-1117.543863293423,-1117.543863293423,-1117.543863293423,-1117.543863293423,-1117.543863293423,-1117.543863293423,0.0,0.0,0.0,11032177.49561704
2020-07-03,11237285.70039604,11140239.315779911,11349927.761959998,11237285.70039604,11237285.70039604,10080.978736677485,10080.978736677485,10080.978736677485,10080.978736677485,10080.978736677485,10080.978736677485,0.0,0.0,0.0,11247366.679132719
2020-07-04,11441276.36131174,11357402.265788728,11564112.414908726,11441276.36131174,11441276.36131174,13750.326871369782,13750.326871369782,13750.326871369782,13750.326871369782,13750.326871369782,13750.326871369782,0.0,0.0,0.0,11455026.688183108
2020-07-05,11645267.02222744,11546514.169107992,11760048.084282296,11645267.02222744,11645267.02222744,7298.791977849293,7298.791977849293,7298.791977849293,7298.791977849293,7298.791977849293,7298.791977849293,0.0,0.0,0.0,11652565.814205289
2020-07-06,11849257.683143148,11740348.136955855,11960378.861774782,11849257.683143148,11849257.683143148,-2102.7554545863622,-2102.7554545863622,-2102.7554545863622,-2102.7554545863622,-2102.7554545863622,-2102.7554545863622,0.0,0.0,0.0,11847154.927688561
2020-07-07,12053248.344058856,11928138.066553857,12137400.5098661,12053248.344058856,12053248.344058856,-16846.23996072022,-16846.23996072022,-16846.23996072022,-16846.23996072022,-16846.23996072022,-16846.23996072022,0.0,0.0,0.0,12036402.104098136
2020-07-08,12257239.004974555,12139303.810105527,12349970.915752321,12257239.004974555,12257239.004974555,-11063.558307273435,-11063.558307273435,-11063.558307273435,-11063.558307273435,-11063.558307273435,-11063.558307273435,0.0,0.0,0.0,12246175.446667282
2020-07-09,12461229.665890256,12359277.524239223,12576675.834004523,12461229.665890256,12461229.665890256,-1117.5438632928692,-1117.5438632928692,-1117.5438632928692,-1117.5438632928692,-1117.5438632928692,-1117.5438632928692,0.0,0.0,0.0,12460112.122026963
2020-07-10,12665220.326805964,12569439.244434051,12786860.906763542,12665220.326805964,12665220.326805964,10080.97873667932,10080.97873667932,10080.97873667932,10080.97873667932,10080.97873667932,10080.97873667932,0.0,0.0,0.0,12675301.305542644
2020-07-11,12869210.98772167,12781115.798684359,12985540.46536306,12869210.98772167,12869210.98772167,13750.326871359808,13750.326871359808,13750.326871359808,13750.326871359808,13750.326871359808,13750.326871359808,0.0,0.0,0.0,12882961.31459303
2020-07-12,13073201.648637371,12966876.836566355,13181516.52356399,13073201.648637371,13073201.648637371,7298.791977849885,7298.791977849885,7298.791977849885,7298.791977849885,7298.791977849885,7298.791977849885,0.0,0.0,0.0,13080500.440615222
2020-07-13,13277192.30955308,13161071.175306534,13374418.302801015,13277192.30955308,13277192.30955308,-2102.75545459598,-2102.75545459598,-2102.75545459598,-2102.75545459598,-2102.75545459598,-2102.75545459598,0.0,0.0,0.0,13275089.554098483
2020-07-14,13481182.970468787,13359463.838008188,13569529.472751735,13481182.970468787,13481182.970468787,-16846.23996072565,-16846.23996072565,-16846.23996072565,-16846.23996072565,-16846.23996072565,-16846.23996072565,0.0,0.0,0.0,13464336.730508061
2020-07-15,13685173.631384486,13570883.133215047,13781272.490727596,13685173.631384486,13685173.631384486,-11063.558307268157,-11063.558307268157,-11063.558307268157,-11063.558307268157,-11063.558307268157,-11063.558307268157,0.0,0.0,0.0,13674110.073077219
2020-07-16,13889164.292300187,13784947.37132077,13994384.366887916,13889164.292300187,13889164.292300187,-1117.5438632691103,-1117.5438632691103,-1117.5438632691103,-1117.5438632691103,-1117.5438632691103,-1117.5438632691103,0.0,0.0,0.0,13888046.748436918
2020-07-17,14093154.953215895,14002812.097670818,14202941.088633476,14093154.953215895,14093154.953215895,10080.978736654202,10080.978736654202,10080.978736654202,10080.978736654202,10080.978736654202,10080.978736654202,0.0,0.0,0.0,14103235.93195255
2020-07-18,14297145.614131596,14205581.466479275,14415264.798373861,14297145.614131596,14297145.614131596,13750.326871376305,13750.326871376305,13750.326871376305,13750.326871376305,13750.326871376305,13750.326871376305,0.0,0.0,0.0,14310895.941002972
2020-07-19,14501136.275047302,14390125.682089804,14615392.768721286,14501136.275047302,14501136.275047302,7298.791977850478,7298.791977850478,7298.791977850478,7298.791977850478,7298.791977850478,7298.791977850478,0.0,0.0,0.0,14508435.067025153
2020-07-20,14705126.935963003,14597896.745174406,14806497.776396602,14705126.935963003,14705126.935963003,-2102.755454609743,-2102.755454609743,-2102.755454609743,-2102.755454609743,-2102.755454609743,-2102.755454609743,0.0,0.0,0.0,14703024.180508394
2020-07-21,14909117.596878711,14783925.271601006,14997047.182188867,14909117.596878711,14909117.596878711,-16846.23996072924,-16846.23996072924,-16846.23996072924,-16846.23996072924,-16846.23996072924,-16846.23996072924,0.0,0.0,0.0,14892271.356917981
2020-07-22,15113108.257794412,14997540.876094708,15209321.639002323,15113108.257794412,15113108.257794412,-11063.558307293855,-11063.558307293855,-11063.558307293855,-11063.558307293855,-11063.558307293855,-11063.558307293855,0.0,0.0,0.0,15102044.699487118
2020-07-23,15317098.918710118,15209136.935420072,15426524.759297667,15317098.918710118,15317098.918710118,-1117.5438632685562,-1117.5438632685562,-1117.5438632685562,-1117.5438632685562,-1117.5438632685562,-1117.5438632685562,0.0,0.0,0.0,15315981.37484685
2020-07-24,15521089.579625826,15423580.050174452,15647321.600698907,15521089.579625826,15521089.579625826,10080.978736656036,10080.978736656036,10080.978736656036,10080.978736656036,10080.978736656036,10080.978736656036,0.0,0.0,0.0,15531170.558362482
2020-07-25,15725080.240541527,15635981.926040975,15837938.790077362,15725080.240541527,15725080.240541527,13750.326871366333,13750.326871366333,13750.326871366333,13750.326871366333,13750.326871366333,13750.326871366333,0.0,0.0,0.0,15738830.567412894
2020-07-26,15929070.901457226,15825175.358165972,16034137.424275532,15929070.901457226,15929070.901457226,7298.791977841763,7298.791977841763,7298.791977841763,7298.791977841763,7298.791977841763,7298.791977841763,0.0,0.0,0.0,15936369.693435067
2020-07-27,16133061.562372934,16029081.955892682,16235159.590642707,16133061.562372934,16133061.562372934,-2102.755454615217,-2102.755454615217,-2102.755454615217,-2102.755454615217,-2102.755454615217,-2102.755454615217,0.0,0.0,0.0,16130958.80691832
2020-07-28,16337052.223288642,16211173.812484913,16423367.261616973,16337052.223288642,16337052.223288642,-16846.23996070891,-16846.23996070891,-16846.23996070891,-16846.23996070891,-16846.23996070891,-16846.23996070891,0.0,0.0,0.0,16320205.983327933
2020-07-29,16541042.884204343,16419254.53188733,16634937.468035417,16539355.893160837,16542844.069880402,-11063.558307296033,-11063.558307296033,-11063.558307296033,-11063.558307296033,-11063.558307296033,-11063.558307296033,0.0,0.0,0.0,16529979.325897047
2020-07-30,16745033.54512005,16626477.312481308,16844759.87753672,16738848.109432267,16750800.89925492,-1117.543863268002,-1117.543863268002,-1117.543863268002,-1117.543863268002,-1117.543863268002,-1117.543863268002,0.0,0.0,0.0,16743916.00125678
2020-07-31,16949024.206035756,16846451.77959773,17069203.694033254,16936906.15690606,16962001.3945415,10080.978736671314,10080.978736671314,10080.978736671314,10080.978736671314,10080.978736671314,10080.978736671314,0.0,0.0,0.0,16959105.184772428
2020-08-01,17153014.86695146,17057011.33149077,17273152.74413478,17132786.4448151,17174025.162776653,13750.326871368987,13750.326871368987,13750.326871368987,13750.326871368987,13750.326871368987,13750.326871368987,0.0,0.0,0.0,17166765.193822827
2020-08-02,17357005.527867157,17253355.60520715,17477929.030259512,17327981.776760805,17386835.79035417,7298.791977878686,7298.791977878686,7298.791977878686,7298.791977878686,7298.791977878686,7298.791977878686,0.0,0.0,0.0,17364304.319845036
2020-08-03,17560996.18878286,17445930.023695126,17675601.606173363,17521865.16062522,17599955.84666713,-2102.7554546289803,-2102.7554546289803,-2102.7554546289803,-2102.7554546289803,-2102.7554546289803,-2102.7554546289803,0.0,0.0,0.0,17558893.43332823
